framework,guest,loading,cutoff_A,blocked_penalty,seed,max_iters,converged_iter,inaccessible,framework_clash,guest_overlap_molecules,total_violations,min_guest_framework_A,min_guest_guest_A
LTL,EC,8,2.2,100.0,0,12000,-1,0,3,6,9,1.7267175755399875,1.9090299520039555
LTL,EC,8,2.2,100.0,1,12000,-1,0,4,5,9,2.0705918042112534,1.999191427388807
LTL,EC,8,2.2,100.0,2,12000,-1,0,3,4,7,2.1486045761124073,2.04298858717696
LTL,EC,8,2.2,100.0,3,12000,-1,0,3,5,8,1.8171022809365807,1.7864628314259983
LTL,EC,8,2.2,100.0,4,12000,-1,0,6,5,11,1.7659113809395104,1.7482124665894863
LTL,EC,8,2.2,100.0,0,30000,-1,0,6,4,10,1.6875549900684172,2.0762453218726273
LTL,EC,8,2.2,100.0,1,30000,-1,0,4,5,9,1.7075364879478592,2.057801553544059
LTL,EC,8,2.2,100.0,2,30000,-1,0,4,5,9,1.8453297898551508,1.8009521544259202
LTL,EC,8,2.2,100.0,3,30000,-1,0,3,7,10,1.9123541367569283,1.9503707039973084
LTL,EC,8,2.2,100.0,4,30000,-1,0,2,3,5,1.9155018914582276,2.1867702606359836
UiO-66,EC,4,2.2,100.0,0,12000,-1,0,3,2,5,1.974935018294387,2.141398366931547
UiO-66,EC,4,2.2,100.0,1,12000,-1,0,2,2,4,1.7302881334868982,1.9307153736707892
UiO-66,EC,4,2.2,100.0,2,12000,-1,0,4,0,4,1.3908086817327954,2.575270201245316
UiO-66,EC,4,2.2,100.0,3,12000,10627,0,2,0,2,1.4526111236218544,2.203098789420429
UiO-66,EC,4,2.2,100.0,4,12000,11782,0,1,0,1,1.9247989639181642,2.2584052065279994
UiO-66,EC,4,2.2,100.0,0,30000,25849,0,1,0,1,2.0556460664807252,3.797000144439728
UiO-66,EC,4,2.2,100.0,1,30000,536,0,2,0,2,1.0888419903155215,2.435268795367316
UiO-66,EC,4,2.2,100.0,2,30000,26127,0,2,0,2,1.2445296739473284,2.2567196643205576
UiO-66,EC,4,2.2,100.0,3,30000,11974,0,2,0,2,1.3536846373991742,2.209350197198571
UiO-66,EC,4,2.2,100.0,4,30000,-1,0,3,0,3,1.6931790532367699,2.246936995283149
UiO-66,LiPF6,4,2.2,100.0,0,12000,-1,0,2,0,2,2.047831038172295,2.3817998357648187
UiO-66,LiPF6,4,2.2,100.0,1,12000,8022,0,2,0,2,1.4193584709957399,2.293194890055012
UiO-66,LiPF6,4,2.2,100.0,2,12000,9944,0,1,0,1,1.685152996044043,2.451473583121779
UiO-66,LiPF6,4,2.2,100.0,3,12000,2730,0,0,0,0,2.2267821284209917,2.2741672591258024
UiO-66,LiPF6,4,2.2,100.0,4,12000,11262,0,2,0,2,0.6623756742318255,2.223005328993526
UiO-66,LiPF6,4,2.2,100.0,0,30000,28196,0,0,0,0,2.2039909307454773,2.215331382625573
UiO-66,LiPF6,4,2.2,100.0,1,30000,24465,0,1,0,1,1.255005550215638,2.2148091060563426
UiO-66,LiPF6,4,2.2,100.0,2,30000,-1,0,3,3,6,1.2434437006804617,2.0124295760522144
UiO-66,LiPF6,4,2.2,100.0,3,30000,2103,0,1,0,1,1.2213315805140357,2.200227196812066
UiO-66,LiPF6,4,2.2,100.0,4,30000,27873,0,2,0,2,1.2500988392500356,2.26767374070958
COF-5,EC,24,2.2,100.0,0,12000,-1,0,2,2,4,1.9724959437956928,2.1194447484613113
COF-5,EC,24,2.2,100.0,1,12000,9549,0,0,0,0,2.213763282890459,2.2110987163996856
COF-5,EC,24,2.2,100.0,2,12000,10249,0,0,0,0,2.20562486438427,2.201302255638331
COF-5,EC,24,2.2,100.0,3,12000,-1,0,4,9,13,2.0813475328801796,2.0029789829783877
COF-5,EC,24,2.2,100.0,4,12000,11640,0,0,0,0,2.2396842642775643,2.2044477200942256
COF-5,EC,24,2.2,100.0,0,30000,18353,0,0,0,0,2.2113533233435088,2.2195422741036785
COF-5,EC,24,2.2,100.0,1,30000,24909,0,0,0,0,2.2004280628791304,2.200707565304366
COF-5,EC,24,2.2,100.0,2,30000,-1,0,1,5,6,2.198360298213158,1.9303438174610401
COF-5,EC,24,2.2,100.0,3,30000,21283,0,0,0,0,2.2235233023604337,2.202665300901454
COF-5,EC,24,2.2,100.0,4,30000,-1,0,2,3,5,2.191138672469974,1.9886166506789098
FAU,CO2,24,1.8,100.0,0,30000,39,0,0,0,0,1.8187456330725618,1.8866648856864727
FAU,CO2,24,1.8,100.0,1,30000,120,0,0,0,0,1.8108463292188501,1.8540726239255687
FAU,CO2,24,1.8,100.0,2,30000,127,0,0,0,0,1.8578971141217635,1.8289147847179423
FAU,CO2,24,2.0,100.0,0,30000,33,0,0,0,0,2.0343464819225763,2.1381131252348125
FAU,CO2,24,2.0,100.0,1,30000,156,0,0,0,0,2.056634056111971,2.119279020267175
FAU,CO2,24,2.0,100.0,2,30000,101,0,0,0,0,2.0358622589249316,2.1855331614869304
FAU,CO2,24,2.2,100.0,0,30000,322,0,0,0,0,2.2317361998212215,2.289211901807569
FAU,CO2,24,2.2,100.0,1,30000,198,0,0,0,0,2.203154216713492,2.3142807040250664
FAU,CO2,24,2.2,100.0,2,30000,112,0,0,0,0,2.2031250930201622,2.4911168662051195
FAU,CO2,24,2.4,100.0,0,30000,273,0,0,0,0,2.4305078702890386,2.468240740194678
FAU,CO2,24,2.4,100.0,1,30000,286,0,0,0,0,2.417053074923391,2.4003833860289245
FAU,CO2,24,2.4,100.0,2,30000,347,0,0,0,0,2.410892278977403,2.402070899493163
FAU,CO2,24,2.6,100.0,0,30000,308,0,0,0,0,2.601280966931181,2.6086119047735177
FAU,CO2,24,2.6,100.0,1,30000,358,0,0,0,0,2.607753790162556,2.619767520556526
FAU,CO2,24,2.6,100.0,2,30000,251,0,0,0,0,2.604023760550868,2.6629086300039746
FAU,H2O,24,1.8,100.0,0,30000,26,0,0,0,0,1.862525544894566,1.9190384416527522
FAU,H2O,24,1.8,100.0,1,30000,31,0,0,0,0,1.804013609647893,2.011126869615801
FAU,H2O,24,1.8,100.0,2,30000,87,0,0,0,0,1.8763906023662662,1.8373833820218057
FAU,H2O,24,2.0,100.0,0,30000,42,0,0,0,0,2.0023279338307236,2.099133889468456
FAU,H2O,24,2.0,100.0,1,30000,115,0,0,0,0,2.0426500567640575,2.082006292365728
FAU,H2O,24,2.0,100.0,2,30000,60,0,0,0,0,2.001875448570604,2.1422610867000125
FAU,H2O,24,2.2,100.0,0,30000,110,0,0,0,0,2.228828597863769,2.225253744993597
FAU,H2O,24,2.2,100.0,1,30000,194,0,0,0,0,2.203069275295189,2.2132758496768505
FAU,H2O,24,2.2,100.0,2,30000,129,0,0,0,0,2.227486204558879,2.2658566498095016
FAU,H2O,24,2.4,100.0,0,30000,216,0,0,0,0,2.400967562097337,2.4210397794606093
FAU,H2O,24,2.4,100.0,1,30000,285,0,0,0,0,2.4228336277789624,2.4099083831603285
FAU,H2O,24,2.4,100.0,2,30000,177,0,0,0,0,2.4284896152676336,2.437226144074186
FAU,H2O,24,2.6,100.0,0,30000,299,0,1,0,1,2.5990803238423155,2.615599162494676
FAU,H2O,24,2.6,100.0,1,30000,298,0,0,0,0,2.622719698710841,2.601930423750075
FAU,H2O,24,2.6,100.0,2,30000,518,0,0,0,0,2.617393416973347,2.665991664417528
LTL,EC,8,1.8,100.0,0,30000,7980,0,0,0,0,1.821732601686657,1.8114654921852016
LTL,EC,8,1.8,100.0,1,30000,1495,0,0,0,0,1.805598647174188,1.835270694794828
LTL,EC,8,1.8,100.0,2,30000,16994,0,0,0,0,1.8550733213309247,1.853061450873386
LTL,EC,8,2.0,100.0,0,30000,-1,0,2,0,2,1.7069958744141864,2.0002483626814036
LTL,EC,8,2.0,100.0,1,30000,4896,0,0,0,0,2.009467846331489,2.030584039714993
LTL,EC,8,2.0,100.0,2,30000,26518,0,0,0,0,2.0609953594554775,2.004972860477394
LTL,EC,8,2.2,100.0,0,30000,-1,0,6,4,10,1.6875549900684172,2.0762453218726273
LTL,EC,8,2.2,100.0,1,30000,-1,0,4,5,9,1.7075364879478592,2.057801553544059
LTL,EC,8,2.2,100.0,2,30000,-1,0,4,5,9,1.8453297898551508,1.8009521544259202
LTL,EC,8,2.4,100.0,0,30000,-1,0,5,5,10,1.5813841690954065,2.0698866169862664
LTL,EC,8,2.4,100.0,1,30000,-1,0,7,6,13,2.0038056737317285,1.806876958724688
LTL,EC,8,2.4,100.0,2,30000,-1,0,5,7,12,1.8841066315090818,2.085687873089413
LTL,EC,8,2.6,100.0,0,30000,-1,0,8,5,13,1.8767555477286388,2.1361095452918537
LTL,EC,8,2.6,100.0,1,30000,-1,0,7,8,15,1.7934658888213817,1.9545031481597064
LTL,EC,8,2.6,100.0,2,30000,-1,0,8,7,15,2.0254951156562675,2.0530014017211187
UiO-66,LiPF6,4,1.8,100.0,0,30000,68,0,0,0,0,1.8157932833836028,1.8508709427266492
UiO-66,LiPF6,4,1.8,100.0,1,30000,92,0,0,0,0,1.8524625361818368,1.802023749305201
UiO-66,LiPF6,4,1.8,100.0,2,30000,735,0,2,0,2,1.3040950193085032,1.9842567033428453
UiO-66,LiPF6,4,2.0,100.0,0,30000,407,0,2,0,2,1.5991510172801964,2.1417747592351777
UiO-66,LiPF6,4,2.0,100.0,1,30000,2392,0,1,0,1,1.948915161804858,2.324108308293378
UiO-66,LiPF6,4,2.0,100.0,2,30000,1637,0,1,0,1,0.6011432331285383,2.0447887383155505
UiO-66,LiPF6,4,2.2,100.0,0,30000,28196,0,0,0,0,2.2039909307454773,2.215331382625573
UiO-66,LiPF6,4,2.2,100.0,1,30000,24465,0,1,0,1,1.255005550215638,2.2148091060563426
UiO-66,LiPF6,4,2.2,100.0,2,30000,-1,0,3,3,6,1.2434437006804617,2.0124295760522144
UiO-66,LiPF6,4,2.4,100.0,0,30000,-1,0,3,2,5,1.5969799799687123,2.305498500877397
UiO-66,LiPF6,4,2.4,100.0,1,30000,-1,0,4,2,6,1.4406458873266446,2.1043618265798423
UiO-66,LiPF6,4,2.4,100.0,2,30000,-1,0,4,2,6,1.0090048525749937,2.29306727551585
UiO-66,LiPF6,4,2.6,100.0,0,30000,-1,0,3,4,7,1.1892751290876857,2.4682054272880913
UiO-66,LiPF6,4,2.6,100.0,1,30000,-1,0,3,2,5,1.2152398306189138,2.5208174244686368
UiO-66,LiPF6,4,2.6,100.0,2,30000,-1,0,4,4,8,1.70752601759192,2.2397268018895637
COF-5,EC,24,1.8,100.0,0,30000,1559,0,0,0,0,1.8639372299084682,1.8181481637404275
COF-5,EC,24,1.8,100.0,1,30000,2273,0,0,0,0,1.8133360735117876,1.8274686641604043
COF-5,EC,24,1.8,100.0,2,30000,2612,0,0,0,0,1.8848156717261348,1.8054251069512588
COF-5,EC,24,2.0,100.0,0,30000,9557,0,0,0,0,2.021333053254633,2.0055489534605484
COF-5,EC,24,2.0,100.0,1,30000,6716,0,0,0,0,2.0373628775958337,2.00751035124513
COF-5,EC,24,2.0,100.0,2,30000,9069,0,0,0,0,2.002267381634402,2.001420325736049
COF-5,EC,24,2.2,100.0,0,30000,18353,0,0,0,0,2.2113533233435088,2.2195422741036785
COF-5,EC,24,2.2,100.0,1,30000,24909,0,0,0,0,2.2004280628791304,2.200707565304366
COF-5,EC,24,2.2,100.0,2,30000,-1,0,1,5,6,2.198360298213158,1.9303438174610401
COF-5,EC,24,2.4,100.0,0,30000,-1,0,7,17,24,2.1117545710052346,2.098017226355948
COF-5,EC,24,2.4,100.0,1,30000,-1,0,6,13,19,2.300291620189002,2.29795691486458
COF-5,EC,24,2.4,100.0,2,30000,29792,0,0,0,0,2.400474569496985,2.4029808872377227
COF-5,EC,24,2.6,100.0,0,30000,-1,0,11,20,31,1.9883589016838672,1.7716438580548977
COF-5,EC,24,2.6,100.0,1,30000,-1,0,10,18,28,2.097833941369314,2.1308577667249136
COF-5,EC,24,2.6,100.0,2,30000,-1,0,13,19,32,2.000159293740628,2.0653161595108145
FAU,CO2,24,2.2,0.1,0,30000,322,0,0,0,0,2.2317361998212215,2.289211901807569
FAU,CO2,24,2.2,0.1,1,30000,198,0,0,0,0,2.203154216713492,2.3142807040250664
FAU,CO2,24,2.2,0.1,2,30000,112,0,0,0,0,2.2031250930201622,2.4911168662051195
FAU,CO2,24,2.2,0.1,3,30000,228,0,0,0,0,2.2197442564284198,2.205287559823015
FAU,CO2,24,2.2,0.1,4,30000,213,0,0,0,0,2.228166435093524,2.3434485398374343
FAU,CO2,24,2.2,1.0,0,30000,322,0,0,0,0,2.2317361998212215,2.289211901807569
FAU,CO2,24,2.2,1.0,1,30000,198,0,0,0,0,2.203154216713492,2.3142807040250664
FAU,CO2,24,2.2,1.0,2,30000,112,0,0,0,0,2.2031250930201622,2.4911168662051195
FAU,CO2,24,2.2,1.0,3,30000,228,0,0,0,0,2.2197442564284198,2.205287559823015
FAU,CO2,24,2.2,1.0,4,30000,213,0,0,0,0,2.228166435093524,2.3434485398374343
FAU,CO2,24,2.2,10.0,0,30000,322,0,0,0,0,2.2317361998212215,2.289211901807569
FAU,CO2,24,2.2,10.0,1,30000,198,0,0,0,0,2.203154216713492,2.3142807040250664
FAU,CO2,24,2.2,10.0,2,30000,112,0,0,0,0,2.2031250930201622,2.4911168662051195
FAU,CO2,24,2.2,10.0,3,30000,228,0,0,0,0,2.2197442564284198,2.205287559823015
FAU,CO2,24,2.2,10.0,4,30000,213,0,0,0,0,2.228166435093524,2.3434485398374343
FAU,CO2,24,2.2,100.0,0,30000,322,0,0,0,0,2.2317361998212215,2.289211901807569
FAU,CO2,24,2.2,100.0,1,30000,198,0,0,0,0,2.203154216713492,2.3142807040250664
FAU,CO2,24,2.2,100.0,2,30000,112,0,0,0,0,2.2031250930201622,2.4911168662051195
FAU,CO2,24,2.2,100.0,3,30000,228,0,0,0,0,2.2197442564284198,2.205287559823015
FAU,CO2,24,2.2,100.0,4,30000,213,0,0,0,0,2.228166435093524,2.3434485398374343
FAU,CO2,24,2.2,1000.0,0,30000,322,0,0,0,0,2.2317361998212215,2.289211901807569
FAU,CO2,24,2.2,1000.0,1,30000,198,0,0,0,0,2.203154216713492,2.3142807040250664
FAU,CO2,24,2.2,1000.0,2,30000,112,0,0,0,0,2.2031250930201622,2.4911168662051195
FAU,CO2,24,2.2,1000.0,3,30000,228,0,0,0,0,2.2197442564284198,2.205287559823015
FAU,CO2,24,2.2,1000.0,4,30000,213,0,0,0,0,2.228166435093524,2.3434485398374343
